[
  {
    "make": "Toyota",
    "model": "Corolla XLi",
    "year": 2014,
    "fuel": "Petrol",
    "hp": 84,
    "tags": [
      "reliable",
      "budget"
    ]
  },
  {
    "make": "Toyota",
    "model": "Mark X 250G",
    "year": 2007,
    "fuel": "Petrol",
    "hp": 212,
    "tags": [
      "RWD",
      "V6"
    ]
  },
  {
    "make": "Honda",
    "model": "Civic Oriel",
    "year": 2018,
    "fuel": "Petrol",
    "hp": 140,
    "tags": [
      "popular"
    ]
  },
  {
    "make": "Suzuki",
    "model": "Alto",
    "year": 2021,
    "fuel": "Petrol",
    "hp": 39,
    "tags": [
      "city",
      "economy"
    ]
  },
  {
    "make": "Daihatsu",
    "model": "Mira",
    "year": 2015,
    "fuel": "Petrol",
    "hp": 49,
    "tags": [
      "kei",
      "import"
    ]
  }
]